{"initial_reset_timestamp": 3577.437350789, "timestamps": [3577.955547574, 3578.19222018, 3578.270766215, 3578.355992057, 3578.470882973, 3578.593391027, 3578.670630193, 3578.743633109, 3579.010327886, 3579.12533209, 3579.218622381, 3579.351408388, 3579.635392634, 3579.922632448, 3579.968390003, 3580.140479815, 3580.289372059, 3580.4692653, 3580.63589197, 3580.694846871, 3580.792453758, 3580.919579, 3581.006170971, 3581.08242619, 3581.186440243, 3581.260709285, 3581.406824589, 3581.541390525, 3581.60359891], "episode_lengths": [38, 39, 13, 14, 19, 20, 13, 12, 44, 19, 15, 22, 46, 48, 8, 28, 25, 29, 28, 10, 16, 20, 15, 12, 17, 13, 24, 22, 10], "episode_rewards": [38.0, 39.0, 13.0, 14.0, 19.0, 20.0, 13.0, 12.0, 44.0, 19.0, 15.0, 22.0, 46.0, 48.0, 8.0, 28.0, 25.0, 29.0, 28.0, 10.0, 16.0, 20.0, 15.0, 12.0, 17.0, 13.0, 24.0, 22.0, 10.0], "episode_types": ["t", "t", "t", "t", "t", "t", "t", "t", "t", "t", "t", "t", "t", "t", "t", "t", "t", "t", "t", "t", "t", "t", "t", "t", "t", "t", "t", "t", "t", "t"]}